Brand;Name;ID;GroupID;Size;Color;Stock;Price;DiscountPrice;description;Images;
Miorre;Püsküllü Fantezi Babydoll;46;393751;S/M;Siyah;instock;27.99;71.99;Püskül modasını iç dünyanıza taşıyın, tarzınız dile gelsinYumuşak tül ve ayarlanabilir askıları ile farklı modelinin yanı sıra konfor da sunan tasarım çok kullanışlıGöğüs bölümündeki püsküllere eşlik eden frapan taş detayı da oldukça çarpıcı%90 Polyamid %10 ElastanKampanya fiyatından satılmak üzere 100 adetten fazla stok sunulmuştur.İncelemiş olduğunuz ürünün satış fiyatını satıcı belirlemektedir.;https://cdn.dsmcdn.com/https://cdn.dsmcdn.com//web/production/legal-requirement-card-new-white.png;
Miorre;Püsküllü Fantezi Babydoll;47;393751;M/L;Siyah;instock;27.99;71.99;Püskül modasını iç dünyanıza taşıyın, tarzınız dile gelsinYumuşak tül ve ayarlanabilir askıları ile farklı modelinin yanı sıra konfor da sunan tasarım çok kullanışlıGöğüs bölümündeki püsküllere eşlik eden frapan taş detayı da oldukça çarpıcı%90 Polyamid %10 ElastanKampanya fiyatından satılmak üzere 100 adetten fazla stok sunulmuştur.İncelemiş olduğunuz ürünün satış fiyatını satıcı belirlemektedir.;https://cdn.dsmcdn.com/https://cdn.dsmcdn.com//web/production/legal-requirement-card-new-white.png;
Miorre;Dantel Babydoll;48;181338;S/M;MOR;instock;41.59;103.99;Klasik çizgileri bir kenara bırakın!Özel hayatınızda klasik çizgilerden uzaklaşıp, cesur ve iddialı olmaya ne dersiniz?Dantelin zarafetini ince biyelerle birleştiren bu göz alıcı tasarımla kendinizi son derece çekici hissetmeniz garanti!%90 Polyamid %10 ElastanKampanya fiyatından satılmak üzere 100 adetten fazla stok sunulmuştur.İncelemiş olduğunuz ürünün satış fiyatını satıcı belirlemektedir.;https://cdn.dsmcdn.com/https://cdn.dsmcdn.com//web/production/legal-requirement-card-new-white.png;
Miorre;Dantel Babydoll;49;181338;M/L;MOR;instock;39.19;97.99;Klasik çizgileri bir kenara bırakın!Özel hayatınızda klasik çizgilerden uzaklaşıp, cesur ve iddialı olmaya ne dersiniz?Dantelin zarafetini ince biyelerle birleştiren bu göz alıcı tasarımla kendinizi son derece çekici hissetmeniz garanti!%90 Polyamid %10 ElastanKampanya fiyatından satılmak üzere 100 adetten fazla stok sunulmuştur.İncelemiş olduğunuz ürünün satış fiyatını satıcı belirlemektedir.;https://cdn.dsmcdn.com/https://cdn.dsmcdn.com//web/production/legal-requirement-card-new-white.png;
Miorre;Dantel Babydoll;50;181338;L/XL;MOR;instock;41.59;103.99;Klasik çizgileri bir kenara bırakın!Özel hayatınızda klasik çizgilerden uzaklaşıp, cesur ve iddialı olmaya ne dersiniz?Dantelin zarafetini ince biyelerle birleştiren bu göz alıcı tasarımla kendinizi son derece çekici hissetmeniz garanti!%90 Polyamid %10 ElastanKampanya fiyatından satılmak üzere 100 adetten fazla stok sunulmuştur.İncelemiş olduğunuz ürünün satış fiyatını satıcı belirlemektedir.;https://cdn.dsmcdn.com/https://cdn.dsmcdn.com//web/production/legal-requirement-card-new-white.png;
Miorre;Dantel Babydoll;51;181338;XL/2XL;MOR;instock;40.79;101.99;Klasik çizgileri bir kenara bırakın!Özel hayatınızda klasik çizgilerden uzaklaşıp, cesur ve iddialı olmaya ne dersiniz?Dantelin zarafetini ince biyelerle birleştiren bu göz alıcı tasarımla kendinizi son derece çekici hissetmeniz garanti!%90 Polyamid %10 ElastanKampanya fiyatından satılmak üzere 100 adetten fazla stok sunulmuştur.İncelemiş olduğunuz ürünün satış fiyatını satıcı belirlemektedir.;https://cdn.dsmcdn.com/https://cdn.dsmcdn.com//web/production/legal-requirement-card-new-white.png;
Miorre;Belezza Fantezi Babydoll;52;447572;S/M;Petrol;instock;30.39;75.99;Rengiyle ve tasarımıyla çarpıcı bir görünüm garantiliCesur ve farklı görünmeyi seven kadınlara özel Rengiyle ve tasarımıyla çarpıcı bir görünümü garanti eden bu ürün, askılarının ayarlanabilir olması ve sırtındaki kopçalar sayesinde kullanım kolaylığı da sağlıyor.Alt kısmı stringdir%90 Polyamid %10 ElastaneKampanya fiyatından satılmak üzere 100 adetten fazla stok sunulmuştur.İncelemiş olduğunuz ürünün satış fiyatını satıcı belirlemektedir.;https://cdn.dsmcdn.com/https://cdn.dsmcdn.com//web/production/legal-requirement-card-new-white.png;
Miorre;Belezza Fantezi Babydoll;53;447572;M/L;Petrol;instock;30.39;75.99;Rengiyle ve tasarımıyla çarpıcı bir görünüm garantiliCesur ve farklı görünmeyi seven kadınlara özel Rengiyle ve tasarımıyla çarpıcı bir görünümü garanti eden bu ürün, askılarının ayarlanabilir olması ve sırtındaki kopçalar sayesinde kullanım kolaylığı da sağlıyor.Alt kısmı stringdir%90 Polyamid %10 ElastaneKampanya fiyatından satılmak üzere 100 adetten fazla stok sunulmuştur.İncelemiş olduğunuz ürünün satış fiyatını satıcı belirlemektedir.;https://cdn.dsmcdn.com/https://cdn.dsmcdn.com//web/production/legal-requirement-card-new-white.png;
Miorre;Belezza Fantezi Babydoll;54;447572;L/XL;Petrol;instock;30.39;75.99;Rengiyle ve tasarımıyla çarpıcı bir görünüm garantiliCesur ve farklı görünmeyi seven kadınlara özel Rengiyle ve tasarımıyla çarpıcı bir görünümü garanti eden bu ürün, askılarının ayarlanabilir olması ve sırtındaki kopçalar sayesinde kullanım kolaylığı da sağlıyor.Alt kısmı stringdir%90 Polyamid %10 ElastaneKampanya fiyatından satılmak üzere 100 adetten fazla stok sunulmuştur.İncelemiş olduğunuz ürünün satış fiyatını satıcı belirlemektedir.;https://cdn.dsmcdn.com/https://cdn.dsmcdn.com//web/production/legal-requirement-card-new-white.png;
Miorre;Babydoll takım;55;393733;S/M;Siyah;instock;31.99;79.99;%100 Polyester Tül ve volanlı kıvrımların flörtü! Şeffaflık hiç bu kadar çekici ve şık olmamıştı... Farklı desen alternatiflerinden istediğinizi seçebileceğiniz takım, dantel görüntüsü ile ruhunuzu okşarken, çarpıcı stringi ile birlikte kombinleniyor. %100 PolyesterKampanya fiyatından satılmak üzere 100 adetten fazla stok sunulmuştur.İncelemiş olduğunuz ürünün satış fiyatını satıcı belirlemektedir.;https://cdn.dsmcdn.com//ty5/product/media/images/20200626/13/3539104/75387944/1/1_org_zoom.jpg,https://cdn.dsmcdn.com//ty6/product/media/images/20200626/13/3539104/75387944/2/2_org_zoom.jpg;
Miorre;Babydoll takım;56;393733;M/L;Siyah;instock;31.99;79.99;%100 Polyester Tül ve volanlı kıvrımların flörtü! Şeffaflık hiç bu kadar çekici ve şık olmamıştı... Farklı desen alternatiflerinden istediğinizi seçebileceğiniz takım, dantel görüntüsü ile ruhunuzu okşarken, çarpıcı stringi ile birlikte kombinleniyor. %100 PolyesterKampanya fiyatından satılmak üzere 100 adetten fazla stok sunulmuştur.İncelemiş olduğunuz ürünün satış fiyatını satıcı belirlemektedir.;https://cdn.dsmcdn.com//ty5/product/media/images/20200626/13/3539104/75387944/1/1_org_zoom.jpg,https://cdn.dsmcdn.com//ty6/product/media/images/20200626/13/3539104/75387944/2/2_org_zoom.jpg;
Miorre;Babydoll Takım 001-018141;57;181367;S/M;MOR;instock;29.59;73.99;%91 naylon, %9 elastan özel anlarınıza heyecan katacak... Tiril tiril yapısı, göğüs dekoltesindeki çekici detaylarıyla rüya gibi bir babydoll takım... Çeyiz setlerine çok yakışacağı gibi, her kadının gardırobunda da pırlanta gibi göz kamaştıracak. Dantel ve tül kumaştan yapılmış, ince askılı, göğüs dekoltesi ve küçük taşı ile şık, zarif, estetik yepyeni bir tasarım. String dahil olmak üzere iki parçadan oluşmaktadır. %91 nylon %9 elastan Kampanya fiyatından satılmak üzere 100 adetten fazla stok sunulmuştur.İncelemiş olduğunuz ürünün satış fiyatını satıcı belirlemektedir.;https://cdn.dsmcdn.com//ty7/product/media/images/20200727/18/6081476/4699323/1/1_org_zoom.jpg,https://cdn.dsmcdn.com//ty7/product/media/images/20200727/18/6081476/4699323/2/2_org_zoom.jpg,https://cdn.dsmcdn.com//ty8/product/media/images/20200727/18/6081476/4699323/3/3_org_zoom.jpg;
Miorre;Babydoll Takım 001-018141;58;181367;M/L;MOR;instock;29.59;73.99;%91 naylon, %9 elastan özel anlarınıza heyecan katacak... Tiril tiril yapısı, göğüs dekoltesindeki çekici detaylarıyla rüya gibi bir babydoll takım... Çeyiz setlerine çok yakışacağı gibi, her kadının gardırobunda da pırlanta gibi göz kamaştıracak. Dantel ve tül kumaştan yapılmış, ince askılı, göğüs dekoltesi ve küçük taşı ile şık, zarif, estetik yepyeni bir tasarım. String dahil olmak üzere iki parçadan oluşmaktadır. %91 nylon %9 elastan Kampanya fiyatından satılmak üzere 100 adetten fazla stok sunulmuştur.İncelemiş olduğunuz ürünün satış fiyatını satıcı belirlemektedir.;https://cdn.dsmcdn.com//ty7/product/media/images/20200727/18/6081476/4699323/1/1_org_zoom.jpg,https://cdn.dsmcdn.com//ty7/product/media/images/20200727/18/6081476/4699323/2/2_org_zoom.jpg,https://cdn.dsmcdn.com//ty8/product/media/images/20200727/18/6081476/4699323/3/3_org_zoom.jpg;
Penti;Kadın Beyaz Satin Lace Babydoll;59;30695987;XS;Beyaz;outstock;69.98;139.95;nullKampanya fiyatından satılmak üzere 10 adetten fazla stok sunulmuştur.İncelemiş olduğunuz ürünün satış fiyatını satıcı belirlemektedir.;https://cdn.dsmcdn.com//assets/product/media/images/20200306/9/4079606/64983790/1/1_org_zoom.jpeg,https://cdn.dsmcdn.com//assets/product/media/images/20200306/9/4079606/64983790/2/2_org_zoom.jpeg,https://cdn.dsmcdn.com//assets/product/media/images/20200306/9/4079606/64983790/3/3_org_zoom.jpeg,https://cdn.dsmcdn.com//assets/product/media/images/20200306/9/4079606/64983790/4/4_org_zoom.jpeg;
Penti;Kadın Beyaz Satin Lace Babydoll;60;30695987;S;Beyaz;outstock;69.98;139.95;nullKampanya fiyatından satılmak üzere 10 adetten fazla stok sunulmuştur.İncelemiş olduğunuz ürünün satış fiyatını satıcı belirlemektedir.;https://cdn.dsmcdn.com//assets/product/media/images/20200306/9/4079606/64983790/1/1_org_zoom.jpeg,https://cdn.dsmcdn.com//assets/product/media/images/20200306/9/4079606/64983790/2/2_org_zoom.jpeg,https://cdn.dsmcdn.com//assets/product/media/images/20200306/9/4079606/64983790/3/3_org_zoom.jpeg,https://cdn.dsmcdn.com//assets/product/media/images/20200306/9/4079606/64983790/4/4_org_zoom.jpeg;
Penti;Kadın Beyaz Satin Lace Babydoll;61;30695987;M;Beyaz;outstock;69.98;139.95;nullKampanya fiyatından satılmak üzere 10 adetten fazla stok sunulmuştur.İncelemiş olduğunuz ürünün satış fiyatını satıcı belirlemektedir.;https://cdn.dsmcdn.com//assets/product/media/images/20200306/9/4079606/64983790/1/1_org_zoom.jpeg,https://cdn.dsmcdn.com//assets/product/media/images/20200306/9/4079606/64983790/2/2_org_zoom.jpeg,https://cdn.dsmcdn.com//assets/product/media/images/20200306/9/4079606/64983790/3/3_org_zoom.jpeg,https://cdn.dsmcdn.com//assets/product/media/images/20200306/9/4079606/64983790/4/4_org_zoom.jpeg;
Penti;Kadın Beyaz Satin Lace Babydoll;62;30695987;L;Beyaz;instock;69.98;139.95;nullKampanya fiyatından satılmak üzere 10 adetten fazla stok sunulmuştur.İncelemiş olduğunuz ürünün satış fiyatını satıcı belirlemektedir.;https://cdn.dsmcdn.com//assets/product/media/images/20200306/9/4079606/64983790/1/1_org_zoom.jpeg,https://cdn.dsmcdn.com//assets/product/media/images/20200306/9/4079606/64983790/2/2_org_zoom.jpeg,https://cdn.dsmcdn.com//assets/product/media/images/20200306/9/4079606/64983790/3/3_org_zoom.jpeg,https://cdn.dsmcdn.com//assets/product/media/images/20200306/9/4079606/64983790/4/4_org_zoom.jpeg;
Penti;Kadın Beyaz Satin Lace Babydoll;63;30695987;XL;Beyaz;instock;69.98;139.95;nullKampanya fiyatından satılmak üzere 10 adetten fazla stok sunulmuştur.İncelemiş olduğunuz ürünün satış fiyatını satıcı belirlemektedir.;https://cdn.dsmcdn.com//assets/product/media/images/20200306/9/4079606/64983790/1/1_org_zoom.jpeg,https://cdn.dsmcdn.com//assets/product/media/images/20200306/9/4079606/64983790/2/2_org_zoom.jpeg,https://cdn.dsmcdn.com//assets/product/media/images/20200306/9/4079606/64983790/3/3_org_zoom.jpeg,https://cdn.dsmcdn.com//assets/product/media/images/20200306/9/4079606/64983790/4/4_org_zoom.jpeg;
Mite Love;Kadın Kırmızı Fantezi Babydoll Dantelli Gecelik;64;26504289;S;KIRMIZI;instock;26.94;69.9;Kampanya fiyatından satılmak üzere 100 adetten fazla stok sunulmuştur.İncelemiş olduğunuz ürünün satış fiyatını satıcı belirlemektedir.;https://cdn.dsmcdn.com/https://cdn.dsmcdn.com//web/production/legal-requirement-card-new-white.png;
Mite Love;Kadın Kırmızı Fantezi Babydoll Dantelli Gecelik;65;26504289;M;KIRMIZI;instock;26.94;69.9;Kampanya fiyatından satılmak üzere 100 adetten fazla stok sunulmuştur.İncelemiş olduğunuz ürünün satış fiyatını satıcı belirlemektedir.;https://cdn.dsmcdn.com/https://cdn.dsmcdn.com//web/production/legal-requirement-card-new-white.png;
Mite Love;Kadın Kırmızı Fantezi Babydoll Dantelli Gecelik;66;26504289;L;KIRMIZI;outstock;26.94;69.9;Kampanya fiyatından satılmak üzere 100 adetten fazla stok sunulmuştur.İncelemiş olduğunuz ürünün satış fiyatını satıcı belirlemektedir.;https://cdn.dsmcdn.com/https://cdn.dsmcdn.com//web/production/legal-requirement-card-new-white.png;
Mite Love;Kadın Kırmızı Fantezi Babydoll Dantelli Gecelik;67;26504289;XL;KIRMIZI;instock;26.94;69.9;Kampanya fiyatından satılmak üzere 100 adetten fazla stok sunulmuştur.İncelemiş olduğunuz ürünün satış fiyatını satıcı belirlemektedir.;https://cdn.dsmcdn.com/https://cdn.dsmcdn.com//web/production/legal-requirement-card-new-white.png;
Miorre;Kadın Venedik Bordosu Fantezi Babydoll;68;27124400;S/M;VENEDİK BORDOSU;instock;44.79;107.99;Miorre Fantezi Babydoll%96 Polyester %4 ElastanBordonun ateşi tüm vücudunuzu sarsın.Özel tasarımı , teni okşayan yumuşacık tül kumaşı ve zarif dantel detayları ile büyüleyici bir etkiye sahip olacaksınız.Kampanya fiyatından satılmak üzere 100 adetten fazla stok sunulmuştur.İncelemiş olduğunuz ürünün satış fiyatını satıcı belirlemektedir.;https://cdn.dsmcdn.com/https://cdn.dsmcdn.com//web/production/legal-requirement-card-new-white.png;
Miorre;Kadın Venedik Bordosu Fantezi Babydoll;69;27124400;M/L;VENEDİK BORDOSU;instock;44.79;111.99;Miorre Fantezi Babydoll%96 Polyester %4 ElastanBordonun ateşi tüm vücudunuzu sarsın.Özel tasarımı , teni okşayan yumuşacık tül kumaşı ve zarif dantel detayları ile büyüleyici bir etkiye sahip olacaksınız.Kampanya fiyatından satılmak üzere 100 adetten fazla stok sunulmuştur.İncelemiş olduğunuz ürünün satış fiyatını satıcı belirlemektedir.;https://cdn.dsmcdn.com/https://cdn.dsmcdn.com//web/production/legal-requirement-card-new-white.png;
Miorre;Kadın Venedik Bordosu Fantezi Babydoll;70;27124400;L/XL;VENEDİK BORDOSU;instock;44.79;111.99;Miorre Fantezi Babydoll%96 Polyester %4 ElastanBordonun ateşi tüm vücudunuzu sarsın.Özel tasarımı , teni okşayan yumuşacık tül kumaşı ve zarif dantel detayları ile büyüleyici bir etkiye sahip olacaksınız.Kampanya fiyatından satılmak üzere 100 adetten fazla stok sunulmuştur.İncelemiş olduğunuz ürünün satış fiyatını satıcı belirlemektedir.;https://cdn.dsmcdn.com/https://cdn.dsmcdn.com//web/production/legal-requirement-card-new-white.png;
Miorre;Babydoll;71;181360;S/M;KIRMIZI;instock;47.9;77.99;%82 Polyamid, %12 Elastan Ü Özel anlarınıza heyecan katacak... Tepeden tırnağa baştan çıkarıcı bir görünüme bürünmek istiyorsanız, bu babydoll tam size göre! Dantel ve ışıltılı taşların kombinasyonuyla büyüleyici bir etkiye sahip olacaksınız. Kalça ve sırt dekoltesi ile göz kamaştırıcı bir ürün. Ürün tek parçadır,arka kısmı ipli, alt kısmı ise tangadır. %88 Polyamid, %12 ElastanBu butikte indirim kuponları/kodları geçerli değildir.Kampanya fiyatından satılmak üzere 10 adetten fazla stok sunulmuştur.İncelemiş olduğunuz ürünün satış fiyatını satıcı belirlemektedir.;https://cdn.dsmcdn.com/https://cdn.dsmcdn.com//web/production/legal-requirement-card-new-white.png;
dedo;Kadın Siyah Açık Fantazi Babydoll;72;29829417;S/M;Siyah;instock;29.52;79.9;Ürün Tek Parçadan Oluşur ( Göğüs Uçları Dahil Değildir) Kampanya fiyatından satılmak üzere 100 adetten fazla stok sunulmuştur.İncelemiş olduğunuz ürünün satış fiyatını satıcı belirlemektedir.;https://cdn.dsmcdn.com//ty7/product/media/images/20200727/8/6033379/63317243/1/1_org_zoom.jpg,https://cdn.dsmcdn.com//ty8/product/media/images/20200727/8/6033379/63317243/2/2_org_zoom.jpg;
dedo;Kadın Siyah Açık Fantazi Babydoll;73;29829417;L/XL;Siyah;instock;29.52;79.9;Ürün Tek Parçadan Oluşur ( Göğüs Uçları Dahil Değildir) Kampanya fiyatından satılmak üzere 100 adetten fazla stok sunulmuştur.İncelemiş olduğunuz ürünün satış fiyatını satıcı belirlemektedir.;https://cdn.dsmcdn.com//ty7/product/media/images/20200727/8/6033379/63317243/1/1_org_zoom.jpg,https://cdn.dsmcdn.com//ty8/product/media/images/20200727/8/6033379/63317243/2/2_org_zoom.jpg;
Siyah İnci;Kadın Kırmızı Pedli Baybdoll Takım;74;27641494;S/M;Kırmızı;outstock;44.99;119.99;Kampanya fiyatından satılmak üzere 10 adetten fazla stok sunulmuştur.İncelemiş olduğunuz ürünün satış fiyatını satıcı belirlemektedir.;https://cdn.dsmcdn.com/https://cdn.dsmcdn.com//web/production/legal-requirement-card-new-white.png;
Siyah İnci;Kadın Kırmızı Pedli Baybdoll Takım;75;27641494;L/XL;Kırmızı;instock;44.99;119.99;Kampanya fiyatından satılmak üzere 10 adetten fazla stok sunulmuştur.İncelemiş olduğunuz ürünün satış fiyatını satıcı belirlemektedir.;https://cdn.dsmcdn.com/https://cdn.dsmcdn.com//web/production/legal-requirement-card-new-white.png;
Penti;Kadın Beyaz Lolita Babydoll;76;35388605;XS;Beyaz;outstock;71.97;119.95;null / KADIN / Babydoll / POLYAMIDE %76 ELASTANE %15 OTHER %9 POLYAMIDE %6 /Kampanya fiyatından satılmak üzere 5 adetten az stok bulunmaktadır.İncelemiş olduğunuz ürünün satış fiyatını satıcı belirlemektedir.;https://cdn.dsmcdn.com//ty6/product/media/images/20200625/8/3474697/75250322/1/1_org_zoom.jpeg;
Penti;Kadın Beyaz Lolita Babydoll;77;35388605;L;Beyaz;outstock;71.97;119.95;null / KADIN / Babydoll / POLYAMIDE %76 ELASTANE %15 OTHER %9 POLYAMIDE %6 /Kampanya fiyatından satılmak üzere 5 adetten az stok bulunmaktadır.İncelemiş olduğunuz ürünün satış fiyatını satıcı belirlemektedir.;https://cdn.dsmcdn.com//ty6/product/media/images/20200625/8/3474697/75250322/1/1_org_zoom.jpeg;
Penti;Kadın Beyaz Lolita Babydoll;78;35388605;XL;Beyaz;outstock;71.97;119.95;null / KADIN / Babydoll / POLYAMIDE %76 ELASTANE %15 OTHER %9 POLYAMIDE %6 /Kampanya fiyatından satılmak üzere 5 adetten az stok bulunmaktadır.İncelemiş olduğunuz ürünün satış fiyatını satıcı belirlemektedir.;https://cdn.dsmcdn.com//ty6/product/media/images/20200625/8/3474697/75250322/1/1_org_zoom.jpeg;
Miorre;Babydoll Takım;79;180287;S/M;EKRU;instock;44.79;111.99;Dantel: %90 Polyamid %10 Elastan, Püskül:%100 Polyester Latin rüzgarı, evinizde esecek! Püskül ve önden klipsli detayları ile dikkat çeken babydoll takım, gardırobunuzun baş tacı olacak. Püsküllü, ekru üst ve dantel hipster külottan oluşan takımı giydiğinizde kendinizi dans etmekten alıkoyamayacaksınız. Dantel: %90 Polyamid %10 Elastan Püskül:%100 PolyesterKampanya fiyatından satılmak üzere 100 adetten fazla stok sunulmuştur.İncelemiş olduğunuz ürünün satış fiyatını satıcı belirlemektedir.;https://cdn.dsmcdn.com/https://cdn.dsmcdn.com//web/production/legal-requirement-card-new-white.png;
Miorre;Babydoll Takım;80;180287;M/L;EKRU;outstock;44.79;111.99;Dantel: %90 Polyamid %10 Elastan, Püskül:%100 Polyester Latin rüzgarı, evinizde esecek! Püskül ve önden klipsli detayları ile dikkat çeken babydoll takım, gardırobunuzun baş tacı olacak. Püsküllü, ekru üst ve dantel hipster külottan oluşan takımı giydiğinizde kendinizi dans etmekten alıkoyamayacaksınız. Dantel: %90 Polyamid %10 Elastan Püskül:%100 PolyesterKampanya fiyatından satılmak üzere 100 adetten fazla stok sunulmuştur.İncelemiş olduğunuz ürünün satış fiyatını satıcı belirlemektedir.;https://cdn.dsmcdn.com/https://cdn.dsmcdn.com//web/production/legal-requirement-card-new-white.png;
Miorre;Babydoll Takım;81;180287;L/XL;EKRU;outstock;44.79;111.99;Dantel: %90 Polyamid %10 Elastan, Püskül:%100 Polyester Latin rüzgarı, evinizde esecek! Püskül ve önden klipsli detayları ile dikkat çeken babydoll takım, gardırobunuzun baş tacı olacak. Püsküllü, ekru üst ve dantel hipster külottan oluşan takımı giydiğinizde kendinizi dans etmekten alıkoyamayacaksınız. Dantel: %90 Polyamid %10 Elastan Püskül:%100 PolyesterKampanya fiyatından satılmak üzere 100 adetten fazla stok sunulmuştur.İncelemiş olduğunuz ürünün satış fiyatını satıcı belirlemektedir.;https://cdn.dsmcdn.com/https://cdn.dsmcdn.com//web/production/legal-requirement-card-new-white.png;
Miorre;Babydoll Takım;82;180287;XL/2XL;EKRU;outstock;44.79;111.99;Dantel: %90 Polyamid %10 Elastan, Püskül:%100 Polyester Latin rüzgarı, evinizde esecek! Püskül ve önden klipsli detayları ile dikkat çeken babydoll takım, gardırobunuzun baş tacı olacak. Püsküllü, ekru üst ve dantel hipster külottan oluşan takımı giydiğinizde kendinizi dans etmekten alıkoyamayacaksınız. Dantel: %90 Polyamid %10 Elastan Püskül:%100 PolyesterKampanya fiyatından satılmak üzere 100 adetten fazla stok sunulmuştur.İncelemiş olduğunuz ürünün satış fiyatını satıcı belirlemektedir.;https://cdn.dsmcdn.com/https://cdn.dsmcdn.com//web/production/legal-requirement-card-new-white.png;
Siyah İnci;Kadın Mürdüm Pedli Baybdoll Takım;83;27641490;S/M;Mürdüm;outstock;39.99;79.99;Kampanya fiyatından satılmak üzere 10 adetten fazla stok sunulmuştur.İncelemiş olduğunuz ürünün satış fiyatını satıcı belirlemektedir.;https://cdn.dsmcdn.com/https://cdn.dsmcdn.com//web/production/legal-requirement-card-new-white.png;
Siyah İnci;Kadın Mürdüm Pedli Baybdoll Takım;84;27641490;L/XL;Mürdüm;instock;39.99;79.99;Kampanya fiyatından satılmak üzere 10 adetten fazla stok sunulmuştur.İncelemiş olduğunuz ürünün satış fiyatını satıcı belirlemektedir.;https://cdn.dsmcdn.com/https://cdn.dsmcdn.com//web/production/legal-requirement-card-new-white.png;
Sevim;Kadın Vizon Dantelli Babydoll Takım 10691;85;1798472;S;VİZON;outstock;47.99;121;%95VİSCON %5 ELASTANEKampanya fiyatından satılmak üzere 10 adetten fazla stok sunulmuştur.İncelemiş olduğunuz ürünün satış fiyatını satıcı belirlemektedir.;https://cdn.dsmcdn.com//Assets/ProductImages/oa/59/2240760/1/8681033153684_1_org_zoom.jpg,https://cdn.dsmcdn.com//Assets/ProductImages/oa/59/2240760/1/8681033153684_2_org_zoom.jpg;
Sevim;Kadın Vizon Dantelli Babydoll Takım 10691;86;1798472;M;VİZON;outstock;47.99;121;%95VİSCON %5 ELASTANEKampanya fiyatından satılmak üzere 10 adetten fazla stok sunulmuştur.İncelemiş olduğunuz ürünün satış fiyatını satıcı belirlemektedir.;https://cdn.dsmcdn.com//Assets/ProductImages/oa/59/2240760/1/8681033153684_1_org_zoom.jpg,https://cdn.dsmcdn.com//Assets/ProductImages/oa/59/2240760/1/8681033153684_2_org_zoom.jpg;
Sevim;Kadın Vizon Dantelli Babydoll Takım 10691;87;1798472;L;VİZON;instock;47.99;121;%95VİSCON %5 ELASTANEKampanya fiyatından satılmak üzere 10 adetten fazla stok sunulmuştur.İncelemiş olduğunuz ürünün satış fiyatını satıcı belirlemektedir.;https://cdn.dsmcdn.com//Assets/ProductImages/oa/59/2240760/1/8681033153684_1_org_zoom.jpg,https://cdn.dsmcdn.com//Assets/ProductImages/oa/59/2240760/1/8681033153684_2_org_zoom.jpg;
Sevim;Kadın Vizon Dantelli Babydoll Takım 10691;88;1798472;XL;VİZON;instock;47.99;121;%95VİSCON %5 ELASTANEKampanya fiyatından satılmak üzere 10 adetten fazla stok sunulmuştur.İncelemiş olduğunuz ürünün satış fiyatını satıcı belirlemektedir.;https://cdn.dsmcdn.com//Assets/ProductImages/oa/59/2240760/1/8681033153684_1_org_zoom.jpg,https://cdn.dsmcdn.com//Assets/ProductImages/oa/59/2240760/1/8681033153684_2_org_zoom.jpg;
Mite Love;Babydoll Beyaz Fantezi iç Giyim;89;2732512;S;Beyaz;instock;26.94;69.9;Transparan DantelKampanya fiyatından satılmak üzere 100 adetten fazla stok sunulmuştur.İncelemiş olduğunuz ürünün satış fiyatını satıcı belirlemektedir.;https://cdn.dsmcdn.com/https://cdn.dsmcdn.com//web/production/legal-requirement-card-new-white.png;
Mite Love;Babydoll Beyaz Fantezi iç Giyim;90;2732512;M;Beyaz;instock;26.94;69.9;Transparan DantelKampanya fiyatından satılmak üzere 100 adetten fazla stok sunulmuştur.İncelemiş olduğunuz ürünün satış fiyatını satıcı belirlemektedir.;https://cdn.dsmcdn.com/https://cdn.dsmcdn.com//web/production/legal-requirement-card-new-white.png;
Mite Love;Babydoll Beyaz Fantezi iç Giyim;91;2732512;L;Beyaz;instock;26.94;69.9;Transparan DantelKampanya fiyatından satılmak üzere 100 adetten fazla stok sunulmuştur.İncelemiş olduğunuz ürünün satış fiyatını satıcı belirlemektedir.;https://cdn.dsmcdn.com/https://cdn.dsmcdn.com//web/production/legal-requirement-card-new-white.png;
Mite Love;Babydoll Beyaz Fantezi iç Giyim;92;2732512;XL;Beyaz;instock;26.94;69.9;Transparan DantelKampanya fiyatından satılmak üzere 100 adetten fazla stok sunulmuştur.İncelemiş olduğunuz ürünün satış fiyatını satıcı belirlemektedir.;https://cdn.dsmcdn.com/https://cdn.dsmcdn.com//web/production/legal-requirement-card-new-white.png;
Siyah İnci;Kadın Siyah Pedli Baybdoll Takım;93;27641490;S/M;Siyah;outstock;39.99;79.99;Kampanya fiyatından satılmak üzere 100 adetten fazla stok sunulmuştur.İncelemiş olduğunuz ürünün satış fiyatını satıcı belirlemektedir.;https://cdn.dsmcdn.com/https://cdn.dsmcdn.com//web/production/legal-requirement-card-new-white.png;
Siyah İnci;Kadın Siyah Pedli Baybdoll Takım;94;27641490;L/XL;Siyah;instock;39.99;79.99;Kampanya fiyatından satılmak üzere 100 adetten fazla stok sunulmuştur.İncelemiş olduğunuz ürünün satış fiyatını satıcı belirlemektedir.;https://cdn.dsmcdn.com/https://cdn.dsmcdn.com//web/production/legal-requirement-card-new-white.png;
Siyah İnci;Kadın Bordo Pedli Baybdoll Takım;95;27641490;S/M;Bordo;instock;39.99;79.99;Kampanya fiyatından satılmak üzere 100 adetten fazla stok sunulmuştur.İncelemiş olduğunuz ürünün satış fiyatını satıcı belirlemektedir.;https://cdn.dsmcdn.com/https://cdn.dsmcdn.com//web/production/legal-requirement-card-new-white.png;
Siyah İnci;Kadın Bordo Pedli Baybdoll Takım;96;27641490;L/XL;Bordo;instock;39.99;79.99;Kampanya fiyatından satılmak üzere 100 adetten fazla stok sunulmuştur.İncelemiş olduğunuz ürünün satış fiyatını satıcı belirlemektedir.;https://cdn.dsmcdn.com/https://cdn.dsmcdn.com//web/production/legal-requirement-card-new-white.png;
Miorre;Tül Babydoll Takım;97;855041;S/M;KIRMIZI;instock;50.39;125.99;%82 Polyamid, %18 ElastanKampanya fiyatından satılmak üzere 100 adetten fazla stok sunulmuştur.İncelemiş olduğunuz ürünün satış fiyatını satıcı belirlemektedir.;https://cdn.dsmcdn.com/https://cdn.dsmcdn.com//web/production/legal-requirement-card-new-white.png;
Miorre;Tül Babydoll Takım;98;855041;M/L;KIRMIZI;instock;50.39;125.99;%82 Polyamid, %18 ElastanKampanya fiyatından satılmak üzere 100 adetten fazla stok sunulmuştur.İncelemiş olduğunuz ürünün satış fiyatını satıcı belirlemektedir.;https://cdn.dsmcdn.com/https://cdn.dsmcdn.com//web/production/legal-requirement-card-new-white.png;
Miorre;Tül Babydoll Takım;99;855041;L/XL;KIRMIZI;instock;47.99;119.99;%82 Polyamid, %18 ElastanKampanya fiyatından satılmak üzere 100 adetten fazla stok sunulmuştur.İncelemiş olduğunuz ürünün satış fiyatını satıcı belirlemektedir.;https://cdn.dsmcdn.com/https://cdn.dsmcdn.com//web/production/legal-requirement-card-new-white.png;
Siyah İnci;Kadın Siyah Pedli Baybdoll Takım;100;27641494;S/M;Siyah;outstock;44.99;119.99;Kampanya fiyatından satılmak üzere 50 adetten fazla stok sunulmuştur.İncelemiş olduğunuz ürünün satış fiyatını satıcı belirlemektedir.;https://cdn.dsmcdn.com/https://cdn.dsmcdn.com//web/production/legal-requirement-card-new-white.png;
Siyah İnci;Kadın Siyah Pedli Baybdoll Takım;101;27641494;L/XL;Siyah;instock;44.99;119.99;Kampanya fiyatından satılmak üzere 50 adetten fazla stok sunulmuştur.İncelemiş olduğunuz ürünün satış fiyatını satıcı belirlemektedir.;https://cdn.dsmcdn.com/https://cdn.dsmcdn.com//web/production/legal-requirement-card-new-white.png;
Miorre;Tül Babydoll String Takım;102;498806;S/M;SİYAH;instock;53.59;133.99;%95 Polyester %5 Elastan Tepeden tırnağa baştan çıkarıcı bir etki... Bu özel tasarımı üzerinizde taşırken, tepeden tırnağa baştan çıkarıcı bir etkiyi de garantilemiş olacaksınız! Göğüsleri tamamen saran dantelin çekiciliği ve ayak bileklerinize kadar uzanan tülün dökümlü duruşuyla harika bir takım... Önden bağlanan saten kurdele sayesinde farklı vücut tiplerine kolaylıkla uyum sağlayabiliyor... %95 Polyester %5 ElastanKampanya fiyatından satılmak üzere 100 adetten fazla stok sunulmuştur.İncelemiş olduğunuz ürünün satış fiyatını satıcı belirlemektedir.;https://cdn.dsmcdn.com/https://cdn.dsmcdn.com//web/production/legal-requirement-card-new-white.png;
Miorre;Tül Babydoll String Takım;103;498806;M/L;SİYAH;instock;53.59;133.99;%95 Polyester %5 Elastan Tepeden tırnağa baştan çıkarıcı bir etki... Bu özel tasarımı üzerinizde taşırken, tepeden tırnağa baştan çıkarıcı bir etkiyi de garantilemiş olacaksınız! Göğüsleri tamamen saran dantelin çekiciliği ve ayak bileklerinize kadar uzanan tülün dökümlü duruşuyla harika bir takım... Önden bağlanan saten kurdele sayesinde farklı vücut tiplerine kolaylıkla uyum sağlayabiliyor... %95 Polyester %5 ElastanKampanya fiyatından satılmak üzere 100 adetten fazla stok sunulmuştur.İncelemiş olduğunuz ürünün satış fiyatını satıcı belirlemektedir.;https://cdn.dsmcdn.com/https://cdn.dsmcdn.com//web/production/legal-requirement-card-new-white.png;
Miorre;Tül Babydoll String Takım;104;498806;L/XL;SİYAH;instock;53.59;133.99;%95 Polyester %5 Elastan Tepeden tırnağa baştan çıkarıcı bir etki... Bu özel tasarımı üzerinizde taşırken, tepeden tırnağa baştan çıkarıcı bir etkiyi de garantilemiş olacaksınız! Göğüsleri tamamen saran dantelin çekiciliği ve ayak bileklerinize kadar uzanan tülün dökümlü duruşuyla harika bir takım... Önden bağlanan saten kurdele sayesinde farklı vücut tiplerine kolaylıkla uyum sağlayabiliyor... %95 Polyester %5 ElastanKampanya fiyatından satılmak üzere 100 adetten fazla stok sunulmuştur.İncelemiş olduğunuz ürünün satış fiyatını satıcı belirlemektedir.;https://cdn.dsmcdn.com/https://cdn.dsmcdn.com//web/production/legal-requirement-card-new-white.png;
Mite Love;Kadın Siyah Dantel Fantezi İç Çamaşır;105;25725698;S;SİYAH;instock;17.94;49.9;Kampanya fiyatından satılmak üzere 100 adetten fazla stok sunulmuştur.İncelemiş olduğunuz ürünün satış fiyatını satıcı belirlemektedir.;https://cdn.dsmcdn.com/https://cdn.dsmcdn.com//web/production/legal-requirement-card-new-white.png;
Mite Love;Kadın Siyah Dantel Fantezi İç Çamaşır;106;25725698;M;SİYAH;instock;17.94;49.9;Kampanya fiyatından satılmak üzere 100 adetten fazla stok sunulmuştur.İncelemiş olduğunuz ürünün satış fiyatını satıcı belirlemektedir.;https://cdn.dsmcdn.com/https://cdn.dsmcdn.com//web/production/legal-requirement-card-new-white.png;
Mite Love;Kadın Siyah Dantel Fantezi İç Çamaşır;107;25725698;L;SİYAH;instock;17.94;49.9;Kampanya fiyatından satılmak üzere 100 adetten fazla stok sunulmuştur.İncelemiş olduğunuz ürünün satış fiyatını satıcı belirlemektedir.;https://cdn.dsmcdn.com/https://cdn.dsmcdn.com//web/production/legal-requirement-card-new-white.png;
Mite Love;Kadın Siyah Dantel Fantezi İç Çamaşır;108;25725698;XL;SİYAH;instock;17.94;49.9;Kampanya fiyatından satılmak üzere 100 adetten fazla stok sunulmuştur.İncelemiş olduğunuz ürünün satış fiyatını satıcı belirlemektedir.;https://cdn.dsmcdn.com/https://cdn.dsmcdn.com//web/production/legal-requirement-card-new-white.png;
Siyah İnci;Kadın Kırmızı Pedli Baybdoll Takım;109;27641490;S/M;Kırmızı;instock;39.99;79.99;Kampanya fiyatından satılmak üzere 100 adetten fazla stok sunulmuştur.İncelemiş olduğunuz ürünün satış fiyatını satıcı belirlemektedir.;https://cdn.dsmcdn.com/https://cdn.dsmcdn.com//web/production/legal-requirement-card-new-white.png;
Siyah İnci;Kadın Kırmızı Pedli Baybdoll Takım;110;27641490;L/XL;Kırmızı;instock;39.99;79.99;Kampanya fiyatından satılmak üzere 100 adetten fazla stok sunulmuştur.İncelemiş olduğunuz ürünün satış fiyatını satıcı belirlemektedir.;https://cdn.dsmcdn.com/https://cdn.dsmcdn.com//web/production/legal-requirement-card-new-white.png;
EMINNA;Kırmızı Gecelik Dantelli Transparan Seksi Kadın Giyim;111;30597531;S;Kırmızı;instock;21.99;59.9;Içeriktransparan dantel işlemerenkkırmızıüretim yeritürkiyegizli gönderiürün tarafımızca özenle paketlenerek gönderilir.paket içeriği gizlidir. Kargo personeli dahil paket içeriğini kimse bilemez. bilgileriniz firmamızın güvencesi altındadır.markaeminna Kampanya fiyatından satılmak üzere 100 adetten fazla stok sunulmuştur.İncelemiş olduğunuz ürünün satış fiyatını satıcı belirlemektedir.;https://cdn.dsmcdn.com//ty3/product/media/images/20200522/12/1604213/64760495/1/1_org_zoom.jpg,https://cdn.dsmcdn.com//ty3/product/media/images/20200522/12/1604213/64760495/2/2_org_zoom.jpg,https://cdn.dsmcdn.com//ty4/product/media/images/20200522/12/1604213/64760495/3/3_org_zoom.jpg,https://cdn.dsmcdn.com//ty4/product/media/images/20200522/12/1604213/64760495/4/4_org_zoom.jpg;
EMINNA;Kırmızı Gecelik Dantelli Transparan Seksi Kadın Giyim;112;30597531;M;Kırmızı;instock;21.99;59.9;Içeriktransparan dantel işlemerenkkırmızıüretim yeritürkiyegizli gönderiürün tarafımızca özenle paketlenerek gönderilir.paket içeriği gizlidir. Kargo personeli dahil paket içeriğini kimse bilemez. bilgileriniz firmamızın güvencesi altındadır.markaeminna Kampanya fiyatından satılmak üzere 100 adetten fazla stok sunulmuştur.İncelemiş olduğunuz ürünün satış fiyatını satıcı belirlemektedir.;https://cdn.dsmcdn.com//ty3/product/media/images/20200522/12/1604213/64760495/1/1_org_zoom.jpg,https://cdn.dsmcdn.com//ty3/product/media/images/20200522/12/1604213/64760495/2/2_org_zoom.jpg,https://cdn.dsmcdn.com//ty4/product/media/images/20200522/12/1604213/64760495/3/3_org_zoom.jpg,https://cdn.dsmcdn.com//ty4/product/media/images/20200522/12/1604213/64760495/4/4_org_zoom.jpg;
EMINNA;Kırmızı Gecelik Dantelli Transparan Seksi Kadın Giyim;113;30597531;L;Kırmızı;instock;21.99;59.9;Içeriktransparan dantel işlemerenkkırmızıüretim yeritürkiyegizli gönderiürün tarafımızca özenle paketlenerek gönderilir.paket içeriği gizlidir. Kargo personeli dahil paket içeriğini kimse bilemez. bilgileriniz firmamızın güvencesi altındadır.markaeminna Kampanya fiyatından satılmak üzere 100 adetten fazla stok sunulmuştur.İncelemiş olduğunuz ürünün satış fiyatını satıcı belirlemektedir.;https://cdn.dsmcdn.com//ty3/product/media/images/20200522/12/1604213/64760495/1/1_org_zoom.jpg,https://cdn.dsmcdn.com//ty3/product/media/images/20200522/12/1604213/64760495/2/2_org_zoom.jpg,https://cdn.dsmcdn.com//ty4/product/media/images/20200522/12/1604213/64760495/3/3_org_zoom.jpg,https://cdn.dsmcdn.com//ty4/product/media/images/20200522/12/1604213/64760495/4/4_org_zoom.jpg;
EMINNA;Kırmızı Gecelik Dantelli Transparan Seksi Kadın Giyim;114;30597531;XL;Kırmızı;instock;21.99;59.9;Içeriktransparan dantel işlemerenkkırmızıüretim yeritürkiyegizli gönderiürün tarafımızca özenle paketlenerek gönderilir.paket içeriği gizlidir. Kargo personeli dahil paket içeriğini kimse bilemez. bilgileriniz firmamızın güvencesi altındadır.markaeminna Kampanya fiyatından satılmak üzere 100 adetten fazla stok sunulmuştur.İncelemiş olduğunuz ürünün satış fiyatını satıcı belirlemektedir.;https://cdn.dsmcdn.com//ty3/product/media/images/20200522/12/1604213/64760495/1/1_org_zoom.jpg,https://cdn.dsmcdn.com//ty3/product/media/images/20200522/12/1604213/64760495/2/2_org_zoom.jpg,https://cdn.dsmcdn.com//ty4/product/media/images/20200522/12/1604213/64760495/3/3_org_zoom.jpg,https://cdn.dsmcdn.com//ty4/product/media/images/20200522/12/1604213/64760495/4/4_org_zoom.jpg;
